content,created_at,like_count,comment_count,location,comments
"今天天气真好，和朋友们一起去爬山，站在山顶俯瞰城市的景色，感觉整个人都轻松了！","2012-03-15 14:30:00",25,8,"山顶公园","小华:真羡慕，我也想去"
"人生第一份工作正式入职！加油！新的开始，新的挑战！","2013-07-01 09:00:00",56,15,,"老王:恭喜恭喜！"
"和女朋友在一起三周年纪念日！感谢一路有你，未来我们也要一起走！","2015-05-20 20:00:00",188,42,"浪漫餐厅","小红:百年好合！"
"今天拿到了驾照！历时三个月终于通过了所有考试，太开心了！","2016-11-10 16:00:00",78,20,"考场","教练:恭喜恭喜！"
"第一次独自旅行，去了大理。苍山洱海，风花雪月，真的太美了！","2018-08-05 12:00:00",156,35,"大理","小明:求攻略！"
"今天宝宝出生了！当听到第一声啼哭的时候，我的眼泪再也忍不住了...","2020-02-14 08:30:00",520,88,"医院","全家:恭喜恭喜！"
"买房了！终于在这个城市有了自己的家，虽然很小但很温馨。","2021-06-18 15:00:00",298,56,"新家","朋友们:恭喜恭喜！"
"疫情三年，感谢每一个为抗疫付出的人。愿山河无恙，人间皆安。","2022-12-07 20:00:00",456,102,,
"今天带孩子去看了升国旗仪式，看着五星红旗冉冉升起，心中满是自豪！","2023-10-01 06:00:00",234,45,"天安门广场","老婆:爱国教育从小做起"
"十年前的今天，我发表了第一条说说。十年间，有欢笑，有泪水，有成长。感谢每一个陪伴我的人！","2024-03-15 00:00:00",888,166,,"老友:十年了！"
